	Fastq1	SampleName	Barcode	Adapter	CenterName	RunID	RunDate	Library	Response	ResponseCode	IlseNo	bamReads	LymphomaID	SampleID_MouseID	AvrSerGly	class
AS_222796_LR_34431	AS-222796-LR-34431_R1.fastq.gz	NR_1	ATTACTCG-TATAGCCT	Undetermined	DKFZ	180410_ST-K00207_0136_AHNLJTBBXX	10/04/18	SINGLE	Never Relapsed	NR	9461	AS-222796-LR-34431_R1.bam	BC1960	AC4126	NA	NA
AS_222797_LR_34431	AS-222797-LR-34431_R1.fastq.gz	NR_2	TCCGGAGA-ATAGAGGC	Undetermined	DKFZ	180410_ST-K00207_0136_AHNLJTBBXX	10/04/18	SINGLE	Never Relapsed	NR	9461	AS-222797-LR-34431_R1.bam	ST9218	AC4124	NA	NA
AS_222798_LR_34431	AS-222798-LR-34431_R1.fastq.gz	NR_3	ATTCAGAA-CCTATCCT	Undetermined	DKFZ	180410_ST-K00207_0136_AHNLJTBBXX	10/04/18	SINGLE	Never Relapsed	NR	9461	AS-222798-LR-34431_R1.bam	BC1332	AC3741	NA	NA
AS_222799_LR_34431	AS-222799-LR-34431_R1.fastq.gz	NR_4	GAATTCGT-GGCTCTGA	ATCGGAAGAGCACACGTCTGAACTCCAGTCACGAATTCGTATCTCGTATGC	DKFZ	180410_ST-K00207_0136_AHNLJTBBXX	10/04/18	SINGLE	Never Relapsed	NR	9461	AS-222799-LR-34431_R1.bam	BC1782	AC3703	NA	NA
AS_222800_LR_34431	AS-222800-LR-34431_R1.fastq.gz	NR_5	CGGCTATG-TAATCTTA	ATCGGAAGAGCACACGTCTGAACTCCAGTCACCGGCTATGATCTCGTATGC	DKFZ	180410_ST-K00207_0136_AHNLJTBBXX	10/04/18	SINGLE	Never Relapsed	NR	9461	AS-222800-LR-34431_R1.bam	BC1954	AC4284	NA	NA
AS_222801_LR_34432	AS-222801-LR-34432_R1.fastq.gz	NR_6	GAATTCGT-AGGCGAAG	Undetermined	DKFZ	180410_ST-K00207_0136_AHNLJTBBXX	10/04/18	SINGLE	Never Relapsed	NR	9461	AS-222801-LR-34432_R1.bam	AB7290	AC4120	NA	NA
AS_222802_LR_34432	AS-222802-LR-34432_R1.fastq.gz	NR_7	CTGAAGCT-GGCTCTGA	Undetermined	DKFZ	180410_ST-K00207_0136_AHNLJTBBXX	10/04/18	SINGLE	Never Relapsed	NR	9461	AS-222802-LR-34432_R1.bam	AB7133	AC4121	NA	NA
AS_222803_LR_34432	AS-222803-LR-34432_R1.fastq.gz	NR_8	CGGCTATG-CAGGACGT	ATCGGAAGAGCACACGTCTGAACTCCAGTCACCGGCTATGATCTCGTATGC	DKFZ	180410_ST-K00207_0136_AHNLJTBBXX	10/04/18	SINGLE	Never Relapsed	NR	9461	AS-222803-LR-34432_R1.bam	ST8799	AC3533	NA	NA
AS_222804_LR_34432	AS-222804-LR-34432_R1.fastq.gz	NR_9	TCCGCGAA-TAATCTTA	Undetermined	DKFZ	180410_ST-K00207_0136_AHNLJTBBXX	10/04/18	SINGLE	Never Relapsed	NR	9461	AS-222804-LR-34432_R1.bam	AB5529	AB5529	NA	NA
AS_222805_LR_34432	AS-222805-LR-34432_R1.fastq.gz	NR_10	TCTCGCGC-GTACTGAC	Undetermined	DKFZ	180410_ST-K00207_0136_AHNLJTBBXX	10/04/18	SINGLE	Never Relapsed	NR	9461	AS-222805-LR-34432_R1.bam	AB5766	AB5766	NA	NA
AS_222806_LR_34433	AS-222806-LR-34433_R1.fastq.gz	NR_11	TCCGGAGA-GTACTGAC	Undetermined	DKFZ	180410_ST-K00207_0136_AHNLJTBBXX	10/04/18	SINGLE	Never Relapsed	NR	9461	AS-222806-LR-34433_R1.bam	AB7091	AB7091	NA	NA
AS_222807_LR_34433	AS-222807-LR-34433_R1.fastq.gz	NR_12	CTGAAGCT-CAGGACGT	Undetermined	DKFZ	180410_ST-K00207_0136_AHNLJTBBXX	10/04/18	SINGLE	Never Relapsed	NR	9461	AS-222807-LR-34433_R1.bam	AB6836	AB6836	NA	NA
AS_222808_LR_34433	AS-222808-LR-34433_R1.fastq.gz	NR_13	TAATGCGC-TAATCTTA	Undetermined	DKFZ	180410_ST-K00207_0136_AHNLJTBBXX	10/04/18	SINGLE	Never Relapsed	NR	9461	AS-222808-LR-34433_R1.bam	AB6619	AB6619	NA	NA
AS_222809_LR_34433	AS-222809-LR-34433_R1.fastq.gz	NR_14	CGGCTATG-AGGCGAAG	ATCGGAAGAGCACACGTCTGAACTCCAGTCACCGGCTATGATCTCGTATGC	DKFZ	180410_ST-K00207_0136_AHNLJTBBXX	10/04/18	SINGLE	Never Relapsed	NR	9461	AS-222809-LR-34433_R1.bam	AB8645	AB8645	NA	NA
AS_222810_LR_34433	AS-222810-LR-34433_R1.fastq.gz	NR_15	AGCGATAG-CCTATCCT	Undetermined	DKFZ	180410_ST-K00207_0136_AHNLJTBBXX	10/04/18	SINGLE	Never Relapsed	NR	9461	AS-222810-LR-34433_R1.bam	AB7055	AB7055	NA	NA
AS_222811_LR_34434	AS-222811-LR-34434_R1.fastq.gz	NR_16	GAGATTCC-TATAGCCT	Undetermined	DKFZ	180410_ST-K00207_0136_AHNLJTBBXX	10/04/18	SINGLE	Never Relapsed	NR	9461	AS-222811-LR-34434_R1.bam	AB7018	AB7018	NA	NA
AS_222813_LR_34434	AS-222813-LR-34434_R1.fastq.gz	RP_2	TCCGCGAA-CCTATCCT	Undetermined	DKFZ	180410_ST-K00207_0136_AHNLJTBBXX	10/04/18	SINGLE	Relapse Prone	RP	9461	AS-222813-LR-34434_R1.bam	BC2548	AC3743	NA	NA
AS_222814_LR_34434	AS-222814-LR-34434_R1.fastq.gz	RP_3	TCTCGCGC-GGCTCTGA	Undetermined	DKFZ	180410_ST-K00207_0136_AHNLJTBBXX	10/04/18	SINGLE	Relapse Prone	RP	9461	AS-222814-LR-34434_R1.bam	BC1590	AC3702	0.86	high
AS_222815_LR_34434	AS-222815-LR-34434_R1.fastq.gz	RP_4	AGCGATAG-GTACTGAC	ATCGGAAGAGCACACGTCTGAACTCCAGTCACAGCGATAGATCTCGTATGC	DKFZ	180410_ST-K00207_0136_AHNLJTBBXX	10/04/18	SINGLE	Relapse Prone	RP	9461	AS-222815-LR-34434_R1.bam	BC3802	AC4285	0.67	NA
AS_222816_LR_34435	AS-222816-LR-34435_R1.fastq.gz	RP_5	ATTACTCG-TAATCTTA	Undetermined	DKFZ	180410_ST-K00207_0136_AHNLJTBBXX	10/04/18	SINGLE	Relapse Prone	RP	9461	AS-222816-LR-34435_R1.bam	AB5325	AB5324	0.35	NA
AS_222817_LR_34435	AS-222817-LR-34435_R1.fastq.gz	RP_6	GAATTCGT-GTACTGAC	ATCGGAAGAGCACACGTCTGAACTCCAGTCACGAATTCGTATCTCGTATGC	DKFZ	180410_ST-K00207_0136_AHNLJTBBXX	10/04/18	SINGLE	Relapse Prone	RP	9461	AS-222817-LR-34435_R1.bam	AB6165	AB6165	0.30	low
AS_222818_LR_34435	AS-222818-LR-34435_R1.fastq.gz	RP_7	TAATGCGC-ATAGAGGC	ATCGGAAGAGCACACGTCTGAACTCCAGTCACTAATGCGCATCTCGTATGC	DKFZ	180410_ST-K00207_0136_AHNLJTBBXX	10/04/18	SINGLE	Relapse Prone	RP	9461	AS-222818-LR-34435_R1.bam	AB6614	AB6614	0.91	high
AS_222819_LR_34435	AS-222819-LR-34435_R1.fastq.gz	RP_8	CGGCTATG-CCTATCCT	Undetermined	DKFZ	180410_ST-K00207_0136_AHNLJTBBXX	10/04/18	SINGLE	Relapse Prone	RP	9461	AS-222819-LR-34435_R1.bam	AB6397	AB6397	0.34	low
AS_222820_LR_34435	AS-222820-LR-34435_R1.fastq.gz	RP_9	TCCGCGAA-AGGCGAAG	Undetermined	DKFZ	180410_ST-K00207_0136_AHNLJTBBXX	10/04/18	SINGLE	Relapse Prone	RP	9461	AS-222820-LR-34435_R1.bam	AB7067	AB7067	0.25	low
AS_222821_LR_34436	AS-222821-LR-34436_R1.fastq.gz	RP_10	GAGATTCC-AGGCGAAG	Undetermined	DKFZ	180410_ST-K00207_0136_AHNLJTBBXX	10/04/18	SINGLE	Relapse Prone	RP	9461	AS-222821-LR-34436_R1.bam	AB7069	AB7069	0.29	low
AS_222822_LR_34436	AS-222822-LR-34436_R1.fastq.gz	RP_11	GAATTCGT-TAATCTTA	Undetermined	DKFZ	180410_ST-K00207_0136_AHNLJTBBXX	10/04/18	SINGLE	Relapse Prone	RP	9461	AS-222822-LR-34436_R1.bam	AB7822	AB7822	0.53	NA
AS_222823_LR_34436	AS-222823-LR-34436_R1.fastq.gz	RP_12	CTGAAGCT-CCTATCCT	Undetermined	DKFZ	180410_ST-K00207_0136_AHNLJTBBXX	10/04/18	SINGLE	Relapse Prone	RP	9461	AS-222823-LR-34436_R1.bam	ST9891	AC3740	0.14	low
AS_222824_LR_34436	AS-222824-LR-34436_R1.fastq.gz	RP_13	TCTCGCGC-ATAGAGGC	ATCGGAAGAGCACACGTCTGAACTCCAGTCACTCTCGCGCATCTCGTATGC	DKFZ	180410_ST-K00207_0136_AHNLJTBBXX	10/04/18	SINGLE	Relapse Prone	RP	9461	AS-222824-LR-34436_R1.bam	ST7836	AC3700	0.91	high
AS_222825_LR_34436	AS-222825-LR-34436_R1.fastq.gz	RP_14	AGCGATAG-GGCTCTGA	ATCGGAAGAGCACACGTCTGAACTCCAGTCACAGCGATAGATCTCGTATGC	DKFZ	180410_ST-K00207_0136_AHNLJTBBXX	10/04/18	SINGLE	Relapse Prone	RP	9461	AS-222825-LR-34436_R1.bam	AB3988	AC3448	0.94	high
AS_222826_LR_34437	AS-222826-LR-34437_R1.fastq.gz	RP_15	TCCGGAGA-TATAGCCT	Undetermined	DKFZ	180410_ST-K00207_0136_AHNLJTBBXX	10/04/18	SINGLE	Relapse Prone	RP	9461	AS-222826-LR-34437_R1.bam	AB9842	AB9842	1.21	high
AS_222827_LR_34437	AS-222827-LR-34437_R1.fastq.gz	RP_16	GAGATTCC-ATAGAGGC	ATCGGAAGAGCACACGTCTGAACTCCAGTCACGAGATTCCATCTCGTATGC	DKFZ	180410_ST-K00207_0136_AHNLJTBBXX	10/04/18	SINGLE	Relapse Prone	RP	9461	AS-222827-LR-34437_R1.bam	BC3237	AC4117	0.39	NA
AS_222828_LR_34437	AS-222828-LR-34437_R1.fastq.gz	RP_17	ATTCAGAA-TAATCTTA	Undetermined	DKFZ	180410_ST-K00207_0136_AHNLJTBBXX	10/04/18	SINGLE	Relapse Prone	RP	9461	AS-222828-LR-34437_R1.bam	ST8798	AC4114	0.64	NA
AS_222829_LR_34437	AS-222829-LR-34437_R1.fastq.gz	Res_1	GAATTCGT-CCTATCCT	Undetermined	DKFZ	180410_ST-K00207_0136_AHNLJTBBXX	10/04/18	SINGLE	Resistant	RES	9461	AS-222829-LR-34437_R1.bam	AB9842	AC4129	NA	NA
AS_222830_LR_34437	AS-222830-LR-34437_R1.fastq.gz	Res_2	CTGAAGCT-GTACTGAC	Undetermined	DKFZ	180410_ST-K00207_0136_AHNLJTBBXX	10/04/18	SINGLE	Resistant	RES	9461	AS-222830-LR-34437_R1.bam	BC2548	AC4260	NA	NA
AS_222831_LR_34438	AS-222831-LR-34438_R1.fastq.gz	Res_3	ATTACTCG-GTACTGAC	Undetermined	DKFZ	180410_ST-K00207_0136_AHNLJTBBXX	10/04/18	SINGLE	Resistant	RES	9461	AS-222831-LR-34438_R1.bam	BC1590	AC4258	NA	NA
AS_222832_LR_34438	AS-222832-LR-34438_R1.fastq.gz	Res_4	TCCGGAGA-TAATCTTA	Undetermined	DKFZ	180410_ST-K00207_0136_AHNLJTBBXX	10/04/18	SINGLE	Resistant	RES	9461	AS-222832-LR-34438_R1.bam	BC3802	AC4266	NA	NA
AS_222833_LR_34438	AS-222833-LR-34438_R1.fastq.gz	Res_5	ATTCAGAA-ATAGAGGC	Undetermined	DKFZ	180410_ST-K00207_0136_AHNLJTBBXX	10/04/18	SINGLE	Resistant	RES	9461	AS-222833-LR-34438_R1.bam	AB5325	AB6740	NA	NA
AS_222834_LR_34438	AS-222834-LR-34438_R1.fastq.gz	Res_6	TAATGCGC-CCTATCCT	Undetermined	DKFZ	180410_ST-K00207_0136_AHNLJTBBXX	10/04/18	SINGLE	Resistant	RES	9461	AS-222834-LR-34438_R1.bam	AB6165	AB6934	NA	NA
AS_222835_LR_34438	AS-222835-LR-34438_R1.fastq.gz	Res_7	CGGCTATG-TATAGCCT	Undetermined	DKFZ	180410_ST-K00207_0136_AHNLJTBBXX	10/04/18	SINGLE	Resistant	RES	9461	AS-222835-LR-34438_R1.bam	AB6614	AB7458	NA	NA
AS_222836_LR_34556	AS-222836-LR-34556_R1.fastq.gz	Res_8	GAGATTCC-CCTATCCT	Undetermined	DKFZ	180417_ST-K00207_0140_BHMTHKBBXX	17/04/18	SINGLE	Resistant	RES	9461	AS-222836-LR-34556_R1.bam	AB6397	AB7454	NA	NA
AS_222837_LR_34556	AS-222837-LR-34556_R1.fastq.gz	Res_9	ATTCAGAA-GGCTCTGA	Undetermined	DKFZ	180417_ST-K00207_0140_BHMTHKBBXX	17/04/18	SINGLE	Resistant	RES	9461	AS-222837-LR-34556_R1.bam	AB7067	AB7466	NA	NA
AS_222838_LR_34556	AS-222838-LR-34556_R1.fastq.gz	Res_10	GAATTCGT-ATAGAGGC	Undetermined	DKFZ	180417_ST-K00207_0140_BHMTHKBBXX	17/04/18	SINGLE	Resistant	RES	9461	AS-222838-LR-34556_R1.bam	AB7069	AB7467	NA	NA
AS_222839_LR_34556	AS-222839-LR-34556_R1.fastq.gz	Res_11	TCTCGCGC-TAATCTTA	Undetermined	DKFZ	180417_ST-K00207_0140_BHMTHKBBXX	17/04/18	SINGLE	Resistant	RES	9461	AS-222839-LR-34556_R1.bam	AB9842	AC690/AC1075	NA	NA
AS_222840_LR_34556	AS-222840-LR-34556_R1.fastq.gz	Res_12	AGCGATAG-AGGCGAAG	Undetermined	DKFZ	180417_ST-K00207_0140_BHMTHKBBXX	17/04/18	SINGLE	Resistant	RES	9461	AS-222840-LR-34556_R1.bam	BC3491	AC4263	NA	NA
AS_222841_LR_34557	AS-222841-LR-34557_R1.fastq.gz	Res_13	AGCGATAG-ATAGAGGC	Undetermined	DKFZ	180417_ST-K00207_0140_BHMTHKBBXX	17/04/18	SINGLE	Resistant	RES	9461	AS-222841-LR-34557_R1.bam	BC3237	AC4264	NA	NA
AS_222842_LR_34557	AS-222842-LR-34557_R1.fastq.gz	Res_14	TCTCGCGC-TATAGCCT	Undetermined	DKFZ	180417_ST-K00207_0140_BHMTHKBBXX	17/04/18	SINGLE	Resistant	RES	9461	AS-222842-LR-34557_R1.bam	ST8798	AC3723	NA	NA
AS_222843_LR_34557	AS-222843-LR-34557_R1.fastq.gz	Res_15	CTGAAGCT-TAATCTTA	Undetermined	DKFZ	180417_ST-K00207_0140_BHMTHKBBXX	17/04/18	SINGLE	Resistant	RES	9461	AS-222843-LR-34557_R1.bam	ST8795	AC4131	NA	NA
AS_222844_LR_34557	AS-222844-LR-34557_R1.fastq.gz	Res_16	TCCGGAGA-AGGCGAAG	Undetermined	DKFZ	180417_ST-K00207_0140_BHMTHKBBXX	17/04/18	SINGLE	Resistant	RES	9461	AS-222844-LR-34557_R1.bam	BC1590	AC2466	NA	NA
